"","Paper","Language","FFD_ms","FFD_RAN_ms","FFD_X_ms","FFD_ORTH_ms","FFD_UNREL_ms","FFD_SEM_ms","FFD_PHON_ms","FFD_PSEUD_ms","FFD_es","FFD_RAN_es","FFD_X_es","FFD_ORTH_es","FFD_UNREL_es","FFD_SEM_es","FFD_PHON_es","FFD_PSEUD_es","GD_ms","GD_RAN_ms","GD_X_ms","GD_ORTH_ms","GD_UNREL_ms","GD_SEM_ms","GD_PHON_ms","GD_PSEUD_ms","GD_es","GD_RAN_es","GD_X_es","GD_ORTH_es","GD_UNREL_es","GD_SEM_es","GD_PHON_es","GD_PSEUD_es","SFD_ms","SFD_RAN_ms","SFD_X_ms","SFD_ORTH_ms","SFD_UNREL_ms","SFD_SEM_ms","SFD_PHON_ms","SFD_PSEUD_ms","SFD_es","SFD_RAN_es","SFD_X_es","SFD_ORTH_es","SFD_UNREL_es","SFD_SEM_es","SFD_PHON_es","SFD_PSEUD_es","Total_ms","Total_RAN_ms","Total_X_ms","Total_ORTH_ms","Total_UNREL_ms","Total_SEM_ms","Total_PHON_ms","Total_PSEUD_ms","Total_es","Total_RAN_es","Total_X_es","Total_ORTH_es","Total_UNREL_es","Total_SEM_es","Total_PHON_es","Total_PSEUD_es"
"1","Yan, Richter, Shu, & Kliegl (2009)","Chinese",NA,NA,NA,24,37,17,33,NA,NA,NA,NA,0.338515374699272,0.483484605352724,0.241651889050997,0.451314362181887,NA,NA,NA,NA,53,75,49,56,NA,NA,NA,NA,0.378793745243183,0.484678597709747,0.358659288741393,0.405026870568949,NA,NA,NA,NA,NA,NA,NA,NA,NA,NA,NA,NA,NA,NA,NA,NA,NA,NA,NA,NA,NA,NA,NA,NA,NA,NA,NA,NA,NA,NA,NA,NA,NA
"2","Hohenstein & Kliegl (2014), Exp.3","German",NA,NA,NA,NA,39,18,NA,50,NA,NA,NA,NA,0.454889765767563,0.208542400690857,NA,0.583192007394311,NA,NA,NA,NA,46,20,NA,57,NA,NA,NA,NA,0.486615851130204,0.204358440253236,NA,0.60650311063484,NA,NA,NA,NA,46,20,NA,56,NA,NA,NA,NA,0.530437810673994,0.227588879254908,NA,0.650065040851518,NA,NA,NA,NA,NA,NA,NA,NA,NA,NA,NA,NA,NA,NA,NA,NA
"3","Inhoff & Tousman (1990)","English",NA,NA,29.5,NA,NA,NA,NA,NA,NA,NA,0.604738689602465,NA,NA,NA,NA,NA,NA,NA,45.5,NA,NA,NA,NA,NA,NA,NA,0.698657716885733,NA,NA,NA,NA,NA,NA,NA,NA,NA,NA,NA,NA,NA,NA,NA,NA,NA,NA,NA,NA,NA,NA,NA,NA,NA,NA,NA,NA,NA,NA,NA,NA,NA,NA,NA,NA,NA
"4","Rayner, Schotter, Drieghe (2014)","English",NA,NA,NA,NA,NA,NA,NA,NA,NA,NA,NA,NA,NA,NA,NA,NA,NA,NA,NA,25,47,44,NA,NA,NA,NA,NA,0.443270424110883,0.793764920850098,0.743099074838389,NA,NA,NA,NA,NA,26,55,41,NA,NA,NA,NA,NA,0.531153961926804,1.0141803161681,0.795180139230946,NA,NA,NA,NA,NA,NA,NA,NA,NA,NA,NA,NA,NA,NA,NA,NA,NA,NA
"5","Rayner, Balota, & Pollatsek (1986)","English",NA,NA,NA,1,20,16,NA,NA,NA,NA,NA,NA,NA,NA,NA,NA,NA,NA,NA,5,44,40,NA,NA,NA,NA,NA,NA,NA,NA,NA,NA,NA,NA,NA,NA,NA,NA,NA,NA,NA,NA,NA,NA,NA,NA,NA,NA,NA,NA,NA,NA,NA,NA,NA,NA,NA,NA,NA,NA,NA,NA,NA,NA
"6","Schotter (2013)","English",NA,NA,NA,NA,11,NA,NA,NA,NA,NA,NA,NA,0.375599478084711,NA,NA,NA,NA,NA,NA,NA,20,NA,NA,NA,NA,NA,NA,NA,0.525864409880222,NA,NA,NA,NA,NA,NA,NA,17,NA,NA,NA,NA,NA,NA,NA,0.504626581351745,NA,NA,NA,NA,NA,NA,NA,34,NA,NA,NA,NA,NA,NA,NA,0.525729056380043,NA,NA,NA
"7","Schotter (2013), Exp.2","English",NA,NA,NA,NA,11,16,NA,NA,NA,NA,NA,NA,0.313192725257325,0.422729751628437,NA,NA,NA,NA,NA,NA,17,20,NA,NA,NA,NA,NA,NA,0.373906875133265,0.436151336400464,NA,NA,NA,NA,NA,NA,14,20,NA,NA,NA,NA,NA,NA,0.380468497639051,0.490688594176168,NA,NA,NA,NA,NA,NA,25,28,NA,NA,NA,NA,NA,NA,0.316196400889503,0.327837725094844,NA,NA
"8","Rayner & Schotter (2014)","English",NA,NA,NA,NA,6,9,NA,NA,NA,NA,NA,NA,0.162550598574124,0.228095665135664,NA,NA,NA,NA,NA,NA,14,12,NA,NA,NA,NA,NA,NA,0.294044967589252,0.236307470159758,NA,NA,NA,NA,NA,NA,7,13,NA,NA,NA,NA,NA,NA,0.18083991841234,0.293193885624284,NA,NA,NA,NA,NA,NA,36,30,NA,NA,NA,NA,NA,NA,0.484494123958839,0.393397883225533,NA,NA
"9","Tsai, Kliegl, & Yan (2012)","Chinese",NA,NA,NA,33,40,30,42,NA,NA,NA,NA,0.668016194331984,0.809716599190283,0.607287449392713,0.850202429149798,NA,NA,NA,NA,56,65,45,69,NA,NA,NA,NA,0.792079207920792,0.875037846852563,0.636492220650636,0.975954738330976,NA,NA,NA,NA,34,50,28,50,NA,NA,NA,NA,0.601769911504425,0.884955752212389,0.495575221238938,0.884955752212389,NA,NA,NA,NA,NA,NA,NA,NA,NA,NA,NA,NA,NA,NA,NA,NA,NA
"10","Yan, Zhou, Shu, Kliegl (2012)","Chinese",NA,NA,NA,NA,41,28,NA,NA,NA,NA,NA,NA,1.25027313195505,1.35265700483092,NA,NA,NA,NA,NA,NA,77,58.5,NA,NA,NA,NA,NA,NA,1.45470350351134,1.40963855421687,NA,NA,NA,NA,NA,NA,46,30,NA,NA,NA,NA,NA,NA,1.30380690043514,1.08303249097473,NA,NA,NA,NA,NA,NA,NA,NA,NA,NA,NA,NA,NA,NA,NA,NA,NA,NA
"11","Hyona & Haikio (2005)","Finnish",NA,NA,NA,NA,19,NA,NA,NA,NA,NA,NA,NA,0.41851844695489,NA,NA,NA,NA,NA,NA,NA,27,NA,NA,NA,NA,NA,NA,NA,0.36986301369863,NA,NA,NA,NA,NA,NA,NA,NA,NA,NA,NA,NA,NA,NA,NA,NA,NA,NA,NA,NA,NA,NA,NA,32,NA,NA,NA,NA,NA,NA,NA,0.402444094882424,NA,NA,NA
"12","Rayner, Castelhano, & Yang (2010)","English",NA,17,NA,NA,NA,NA,NA,NA,NA,0.384776920680704,NA,NA,NA,NA,NA,NA,NA,37,NA,NA,NA,NA,NA,NA,NA,0.682266758149447,NA,NA,NA,NA,NA,NA,NA,24,NA,NA,NA,NA,NA,NA,NA,0.463384365184545,NA,NA,NA,NA,NA,NA,NA,NA,NA,NA,NA,NA,NA,NA,NA,NA,NA,NA,NA,NA,NA,NA
"13","Rayner, Juhasz, & Brown (2007)","English",NA,36,NA,NA,32,NA,NA,NA,NA,0.82622284692677,NA,NA,0.761688894281247,NA,NA,NA,NA,42,NA,NA,47,NA,NA,NA,NA,0.698449610499626,NA,NA,0.781598373654344,NA,NA,NA,NA,NA,NA,NA,NA,NA,NA,NA,NA,NA,NA,NA,NA,NA,NA,NA,NA,43,NA,NA,52,NA,NA,NA,NA,0.446730643312099,NA,NA,0.507311037382278,NA,NA,NA
"14","Rayner, Juhasz, & Brown (2007), Exp. 2","English",NA,35,NA,NA,29,NA,NA,NA,NA,0.693035338772909,NA,NA,0.519975516592513,NA,NA,NA,NA,37,NA,NA,18,NA,NA,NA,NA,0.513839331158035,NA,NA,0.264448650424649,NA,NA,NA,NA,NA,NA,NA,NA,NA,NA,NA,NA,NA,NA,NA,NA,NA,NA,NA,NA,44,NA,NA,31,NA,NA,NA,NA,0.466792597634675,NA,NA,0.352249984593645,NA,NA,NA
"15","Veldre & Andrews (2015b)","English",NA,NA,NA,13,NA,NA,NA,12,NA,NA,NA,0.412517564064373,NA,NA,NA,0.369764139382996,NA,NA,NA,28,NA,NA,NA,22,NA,NA,NA,0.620614537708884,NA,NA,NA,0.510406490778533,NA,NA,NA,13,NA,NA,NA,15,NA,NA,NA,0.362494784315369,NA,NA,NA,0.397225230812882,NA,NA,NA,19,NA,NA,NA,22,NA,NA,NA,0.200460979463328,NA,NA,NA,0.232112713062801
"16","Veldre & Andrews (2015a)","English",NA,50,NA,NA,NA,NA,NA,NA,NA,1.52376363882891,NA,NA,NA,NA,NA,NA,NA,70,NA,NA,NA,NA,NA,NA,NA,1.72040290936458,NA,NA,NA,NA,NA,NA,NA,64,NA,NA,NA,NA,NA,NA,NA,1.7991570319369,NA,NA,NA,NA,NA,NA,NA,79.5,NA,NA,NA,NA,NA,NA,NA,1.27550513691341,NA,NA,NA,NA,NA,NA
"17","Angele & Rayner (2011)","English",NA,14,NA,NA,NA,NA,NA,NA,NA,0.176988463166317,NA,NA,NA,NA,NA,NA,NA,21,NA,NA,NA,NA,NA,NA,NA,0.239808230093229,NA,NA,NA,NA,NA,NA,NA,16,NA,NA,NA,NA,NA,NA,NA,0.205491615701739,NA,NA,NA,NA,NA,NA,NA,NA,NA,NA,NA,NA,NA,NA,NA,NA,NA,NA,NA,NA,NA,NA
"18","Yan (2015)","Chinese",NA,NA,NA,NA,27,NA,NA,20.5,NA,NA,NA,NA,0.596457547159352,NA,NA,0.445231548832146,NA,NA,NA,NA,56,NA,NA,45.5,NA,NA,NA,NA,0.826247688732542,NA,NA,0.704010536517665,NA,NA,NA,NA,33.5,NA,NA,23,NA,NA,NA,NA,0.631682057859982,NA,NA,0.452768187040018,NA,NA,NA,NA,NA,NA,NA,NA,NA,NA,NA,NA,NA,NA,NA,NA
"19","Yen, Tsai, Tzeng, & Hung (2008)","Chinese",NA,NA,NA,NA,43,NA,NA,47,NA,NA,NA,NA,0.739136629412833,NA,NA,0.853596444227416,NA,NA,NA,NA,61,NA,NA,67,NA,NA,NA,NA,0.720553836764341,NA,NA,0.840187317706325,NA,NA,NA,NA,NA,NA,NA,NA,NA,NA,NA,NA,NA,NA,NA,NA,NA,NA,NA,NA,NA,NA,NA,NA,NA,NA,NA,NA,NA,NA,NA,NA
"20","Yang, Wang, Tong, & Rayner (2012)","Chinese",NA,NA,NA,NA,NA,NA,NA,NA,NA,NA,NA,NA,NA,NA,NA,NA,NA,NA,NA,NA,30,31,NA,NA,NA,NA,NA,NA,0.616952311258069,0.603679779098219,NA,NA,NA,NA,NA,NA,28,25,NA,NA,NA,NA,NA,NA,0.616764027091417,0.578896055809362,NA,NA,NA,NA,NA,NA,NA,NA,NA,NA,NA,NA,NA,NA,NA,NA,NA,NA
"21","Yang, Wang, Tong, & Rayner (2012), Exp.2","Chinese",NA,NA,NA,NA,NA,NA,NA,NA,NA,NA,NA,NA,NA,NA,NA,NA,NA,NA,NA,NA,18.5,13,NA,NA,NA,NA,NA,NA,0.38362056861059,0.271157173512788,NA,NA,NA,NA,NA,NA,17,7,NA,NA,NA,NA,NA,NA,0.387654798879006,0.171782373894206,NA,NA,NA,NA,NA,NA,NA,NA,NA,NA,NA,NA,NA,NA,NA,NA,NA,NA
"22","Yang, Wang, Xu, & Rayner (2009)","Chinese",NA,NA,NA,NA,24,NA,NA,NA,NA,NA,NA,NA,0.301166929733974,NA,NA,NA,NA,NA,NA,NA,39,NA,NA,NA,NA,NA,NA,NA,0.446392588993646,NA,NA,NA,NA,NA,NA,NA,NA,NA,NA,NA,NA,NA,NA,NA,NA,NA,NA,NA,NA,NA,NA,NA,NA,NA,NA,NA,NA,NA,NA,NA,NA,NA,NA,NA
"23","Yang, Wang, Xu, & Rayner (2009), Exp.2","Chinese",NA,NA,NA,NA,27,NA,NA,32.5,NA,NA,NA,NA,0.325124272845701,NA,NA,0.408825246002607,NA,NA,NA,NA,58,NA,NA,82.5,NA,NA,NA,NA,0.393379712087,NA,NA,0.547299054598289,NA,NA,NA,NA,NA,NA,NA,NA,NA,NA,NA,NA,NA,NA,NA,NA,NA,NA,NA,NA,NA,NA,NA,NA,NA,NA,NA,NA,NA,NA,NA,NA
"24","Winskel & Salehuddin (2014)","Malay",NA,NA,33,NA,NA,NA,NA,NA,NA,NA,NA,NA,NA,NA,NA,NA,NA,NA,57.5,NA,NA,NA,NA,NA,NA,NA,NA,NA,NA,NA,NA,NA,NA,NA,NA,NA,NA,NA,NA,NA,NA,NA,NA,NA,NA,NA,NA,NA,NA,NA,NA,NA,NA,NA,NA,NA,NA,NA,NA,NA,NA,NA,NA,NA
"25","Yang, Rayner, Li, & Wang (2012)","Chinese",NA,NA,NA,NA,14,NA,NA,NA,NA,NA,NA,NA,0.349890676242843,NA,NA,NA,NA,NA,NA,NA,75,NA,NA,NA,NA,NA,NA,NA,0.772477835997656,NA,NA,NA,NA,NA,NA,NA,19,NA,NA,NA,NA,NA,NA,NA,0.333282047336671,NA,NA,NA,NA,NA,NA,NA,NA,NA,NA,NA,NA,NA,NA,NA,NA,NA,NA,NA
"26","Angele, Slattery, Yang, Kliegl, & Rayner (2008)","English",NA,23,NA,NA,NA,NA,NA,NA,NA,0.534306092553384,NA,NA,NA,NA,NA,NA,NA,48,NA,NA,NA,NA,NA,NA,NA,0.632428083493766,NA,NA,NA,NA,NA,NA,NA,37,NA,NA,NA,NA,NA,NA,NA,0.770165077175355,NA,NA,NA,NA,NA,NA,NA,NA,NA,NA,NA,NA,NA,NA,NA,NA,NA,NA,NA,NA,NA,NA
"27","Lima (1987)","English",NA,NA,4,NA,NA,NA,NA,NA,NA,NA,NA,NA,NA,NA,NA,NA,NA,NA,18,NA,NA,NA,NA,NA,NA,NA,NA,NA,NA,NA,NA,NA,NA,NA,NA,NA,NA,NA,NA,NA,NA,NA,NA,NA,NA,NA,NA,NA,NA,NA,NA,NA,NA,NA,NA,NA,NA,NA,NA,NA,NA,NA,NA,NA
"28","Lima (1987), Exp.2","English",NA,18.5,NA,NA,NA,NA,NA,NA,NA,NA,NA,NA,NA,NA,NA,NA,NA,29,NA,NA,NA,NA,NA,NA,NA,NA,NA,NA,NA,NA,NA,NA,NA,NA,NA,NA,NA,NA,NA,NA,NA,NA,NA,NA,NA,NA,NA,NA,NA,NA,NA,NA,NA,NA,NA,NA,NA,NA,NA,NA,NA,NA,NA,NA
"29","Belanger, Mayberry, & Rayner (2013)","English",NA,NA,NA,21,16.5,NA,10.5,NA,NA,NA,NA,0.253205085442675,0.187572679116367,NA,0.139515636414964,NA,NA,NA,NA,17.5,16,NA,11.5,NA,NA,NA,NA,0.162255409443382,0.13870826611943,NA,0.112739680076357,NA,NA,NA,NA,20.5,13,NA,13,NA,NA,NA,NA,0.247995715804057,0.146834081521737,NA,0.171571382564313,NA,NA,NA,NA,NA,NA,NA,NA,NA,NA,NA,NA,NA,NA,NA,NA,NA
"30","Balota, Pollatsek, & Rayner (1985)","English",NA,NA,NA,2,19,NA,NA,NA,NA,NA,NA,NA,NA,NA,NA,NA,NA,NA,NA,8,43,NA,NA,NA,NA,NA,NA,NA,NA,NA,NA,NA,NA,NA,NA,NA,NA,NA,NA,NA,NA,NA,NA,NA,NA,NA,NA,NA,NA,NA,NA,NA,NA,NA,NA,NA,NA,NA,NA,NA,NA,NA,NA,NA
"31","Johnson, Perea, & Rayner (2007)","English",NA,NA,NA,21,NA,NA,NA,NA,NA,NA,NA,NA,NA,NA,NA,NA,NA,NA,NA,34.5,NA,NA,NA,NA,NA,NA,NA,NA,NA,NA,NA,NA,NA,NA,NA,22,NA,NA,NA,NA,NA,NA,NA,NA,NA,NA,NA,NA,NA,NA,NA,NA,NA,NA,NA,NA,NA,NA,NA,NA,NA,NA,NA,NA
"32","Johnson, Perea, & Rayner (2007), Exp.2","English",NA,NA,NA,21.5,NA,NA,NA,NA,NA,NA,NA,NA,NA,NA,NA,NA,NA,NA,NA,31.5,NA,NA,NA,NA,NA,NA,NA,NA,NA,NA,NA,NA,NA,NA,NA,25,NA,NA,NA,NA,NA,NA,NA,NA,NA,NA,NA,NA,NA,NA,NA,NA,NA,NA,NA,NA,NA,NA,NA,NA,NA,NA,NA,NA
"33","Johnson, Perea, & Rayner (2007), Exp.3","English",NA,NA,NA,24.6666666666667,NA,NA,NA,NA,NA,NA,NA,NA,NA,NA,NA,NA,NA,NA,NA,28,NA,NA,NA,NA,NA,NA,NA,NA,NA,NA,NA,NA,NA,NA,NA,31,NA,NA,NA,NA,NA,NA,NA,NA,NA,NA,NA,NA,NA,NA,NA,NA,NA,NA,NA,NA,NA,NA,NA,NA,NA,NA,NA,NA
"34","Briihl & Inhoff (1995), Exp.2","English",NA,NA,24,NA,NA,NA,NA,NA,NA,NA,0.731406546637876,NA,NA,NA,NA,NA,NA,NA,41,NA,NA,NA,NA,NA,NA,NA,0.669944925597238,NA,NA,NA,NA,NA,NA,NA,NA,NA,NA,NA,NA,NA,NA,NA,NA,NA,NA,NA,NA,NA,NA,NA,NA,NA,NA,NA,NA,NA,NA,NA,NA,NA,NA,NA,NA,NA
"35","Angele, Laishley, Rayner, & Liversedge (2014)","English",NA,31,NA,NA,NA,NA,NA,NA,NA,0.414194834090588,NA,NA,NA,NA,NA,NA,NA,37,NA,NA,NA,NA,NA,NA,NA,0.355621305185837,NA,NA,NA,NA,NA,NA,NA,NA,NA,NA,NA,NA,NA,NA,NA,NA,NA,NA,NA,NA,NA,NA,NA,36.5,NA,NA,NA,NA,NA,NA,NA,0.242925426126705,NA,NA,NA,NA,NA,NA
"36","Angele & Rayner (2013)","English",NA,22,NA,NA,NA,NA,NA,NA,NA,1.01753212828922,NA,NA,NA,NA,NA,NA,NA,25,NA,NA,NA,NA,NA,NA,NA,0.986417811428382,NA,NA,NA,NA,NA,NA,NA,NA,NA,NA,NA,NA,NA,NA,NA,NA,NA,NA,NA,NA,NA,NA,NA,NA,NA,NA,NA,NA,NA,NA,NA,NA,NA,NA,NA,NA,NA,NA
"37","Pollatsek, Lesch, Morris, & Rayner (1992), Exp. 2","English",NA,NA,NA,35,41,NA,15,NA,NA,NA,NA,NA,NA,NA,NA,NA,NA,NA,NA,25,43,NA,11,NA,NA,NA,NA,NA,NA,NA,NA,NA,NA,NA,NA,NA,NA,NA,NA,NA,NA,NA,NA,NA,NA,NA,NA,NA,NA,NA,NA,NA,NA,NA,NA,NA,NA,NA,NA,NA,NA,NA,NA,NA
"38","Miellet & Sparrow (2004)","French",NA,NA,NA,NA,NA,NA,11,NA,NA,NA,NA,NA,NA,NA,NA,NA,NA,NA,NA,NA,NA,NA,12,NA,NA,NA,NA,NA,NA,NA,NA,NA,NA,NA,NA,NA,NA,NA,NA,NA,NA,NA,NA,NA,NA,NA,NA,NA,NA,NA,NA,NA,NA,NA,NA,NA,NA,NA,NA,NA,NA,NA,NA,NA
"39","Binder, Pollatsek, & Rayner (1999)","English",NA,NA,NA,NA,15,NA,NA,NA,NA,NA,NA,NA,NA,NA,NA,NA,NA,NA,NA,NA,21.5,NA,NA,NA,NA,NA,NA,NA,NA,NA,NA,NA,NA,NA,NA,NA,NA,NA,NA,NA,NA,NA,NA,NA,NA,NA,NA,NA,NA,NA,NA,NA,NA,NA,NA,NA,NA,NA,NA,NA,NA,NA,NA,NA
"40","Chace, Rayner, & Well (2005)","English",NA,23,NA,14,NA,NA,7,NA,NA,0.782312925170068,NA,0.476190476190476,NA,NA,0.238095238095238,NA,NA,26,NA,21,NA,NA,12,NA,NA,0.604651162790698,NA,0.488372093023256,NA,NA,0.27906976744186,NA,NA,NA,NA,NA,NA,NA,NA,NA,NA,NA,NA,NA,NA,NA,NA,NA,NA,NA,NA,NA,NA,NA,NA,NA,NA,NA,NA,NA,NA,NA,NA,NA
"41","Starr & Inhoff (2004)","English",NA,22,NA,NA,26,NA,NA,NA,NA,0.289894955319957,NA,NA,0.321833326483233,NA,NA,NA,NA,39,NA,NA,37,NA,NA,NA,NA,0.375557186579746,NA,NA,0.37605723713581,NA,NA,NA,NA,NA,NA,NA,NA,NA,NA,NA,NA,NA,NA,NA,NA,NA,NA,NA,NA,NA,NA,NA,NA,NA,NA,NA,NA,NA,NA,NA,NA,NA,NA,NA
"42","Angele & Rayner (2013), Exp. 2","English",NA,12,NA,NA,NA,NA,NA,NA,NA,0.147236492997335,NA,NA,NA,NA,NA,NA,NA,43,NA,NA,NA,NA,NA,NA,NA,0.353404099815239,NA,NA,NA,NA,NA,NA,NA,NA,NA,NA,NA,NA,NA,NA,NA,NA,NA,NA,NA,NA,NA,NA,NA,41,NA,NA,NA,NA,NA,NA,NA,0.194205953653262,NA,NA,NA,NA,NA,NA
"43","White, Rayner, & Liversedge (2005)","English",NA,60,NA,NA,NA,NA,NA,NA,NA,0.527172135761589,NA,NA,NA,NA,NA,NA,NA,76.75,NA,NA,NA,NA,NA,NA,NA,0.587475084678182,NA,NA,NA,NA,NA,NA,NA,66.75,NA,NA,NA,NA,NA,NA,NA,0.581428952818856,NA,NA,NA,NA,NA,NA,NA,NA,NA,NA,NA,NA,NA,NA,NA,NA,NA,NA,NA,NA,NA,NA
"44","White, Warren, & Reichle (2011)","English",NA,5,NA,NA,NA,NA,NA,NA,NA,0.0437554013907468,NA,NA,NA,NA,NA,NA,NA,7,NA,NA,NA,NA,NA,NA,NA,0.0519839405039261,NA,NA,NA,NA,NA,NA,NA,NA,NA,NA,NA,NA,NA,NA,NA,NA,NA,NA,NA,NA,NA,NA,NA,NA,NA,NA,NA,NA,NA,NA,NA,NA,NA,NA,NA,NA,NA,NA
"45","White, Warren, & Reichle (2011), Exp.2","English",NA,30,NA,NA,NA,NA,NA,NA,NA,0.315632133997019,NA,NA,NA,NA,NA,NA,NA,50,NA,NA,NA,NA,NA,NA,NA,0.435979279269211,NA,NA,NA,NA,NA,NA,NA,NA,NA,NA,NA,NA,NA,NA,NA,NA,NA,NA,NA,NA,NA,NA,NA,NA,NA,NA,NA,NA,NA,NA,NA,NA,NA,NA,NA,NA,NA,NA
"46","Angele, Tran, & Rayner (2013)","English",NA,40,NA,NA,33,NA,NA,NA,NA,0.383621000261781,NA,NA,0.326746366728636,NA,NA,NA,NA,43,NA,NA,39,NA,NA,NA,NA,0.358022684524759,NA,NA,0.323314847002778,NA,NA,NA,NA,46,NA,NA,41,NA,NA,NA,NA,0.457069410309293,NA,NA,0.409567213724123,NA,NA,NA,NA,84,NA,NA,78,NA,NA,NA,NA,0.465486487955747,NA,NA,0.444735131062344,NA,NA,NA
"47","Angele, Tran, & Rayner (2013), Exp.2","English",NA,NA,NA,NA,NA,NA,NA,14,NA,NA,NA,NA,NA,NA,NA,0.173523069844294,NA,NA,NA,NA,NA,NA,NA,19,NA,NA,NA,NA,NA,NA,NA,0.179956359144865,NA,NA,NA,NA,NA,NA,NA,14,NA,NA,NA,NA,NA,NA,NA,0.176013621826162,NA,NA,NA,NA,NA,NA,NA,35,NA,NA,NA,NA,NA,NA,NA,0.191154114787776
"48","Henderson & Ferreira (1990)","English",NA,2,NA,NA,NA,NA,NA,NA,NA,NA,NA,NA,NA,NA,NA,NA,NA,5,NA,NA,NA,NA,NA,NA,NA,NA,NA,NA,NA,NA,NA,NA,NA,NA,NA,NA,NA,NA,NA,NA,NA,NA,NA,NA,NA,NA,NA,NA,NA,NA,NA,NA,NA,NA,NA,NA,NA,NA,NA,NA,NA,NA,NA,NA
"49","Sereno & Rayner (2000)","English",NA,19.75,NA,NA,NA,NA,NA,NA,NA,NA,NA,NA,NA,NA,NA,NA,NA,26.75,NA,NA,NA,NA,NA,NA,NA,NA,NA,NA,NA,NA,NA,NA,NA,NA,NA,NA,NA,NA,NA,NA,NA,NA,NA,NA,NA,NA,NA,NA,NA,NA,NA,NA,NA,NA,NA,NA,NA,NA,NA,NA,NA,NA,NA,NA
"50","Inhoff, Starr, & Shindler (2000)","English",NA,82,NA,NA,48,NA,NA,NA,NA,1.18305058038195,NA,NA,0.960802605403284,NA,NA,NA,NA,91,NA,NA,60,NA,NA,NA,NA,1.39898630913143,NA,NA,1.21577988703659,NA,NA,NA,NA,90,NA,NA,50,NA,NA,NA,NA,1.32218260948103,NA,NA,1.09797998293135,NA,NA,NA,NA,139,NA,NA,81,NA,NA,NA,NA,1.55829743299135,NA,NA,1.37771639901884,NA,NA,NA
"51","Kennison & Clifton (1995)","English",NA,23,NA,NA,NA,NA,NA,NA,NA,NA,NA,NA,NA,NA,NA,NA,NA,27,NA,NA,NA,NA,NA,NA,NA,NA,NA,NA,NA,NA,NA,NA,NA,NA,NA,NA,NA,NA,NA,NA,NA,NA,NA,NA,NA,NA,NA,NA,NA,NA,NA,NA,NA,NA,NA,NA,NA,NA,NA,NA,NA,NA,NA,NA
"52","Johnson & Dunne (2012)","English",NA,NA,NA,21,NA,NA,NA,NA,NA,NA,NA,0.809972064710521,NA,NA,NA,NA,NA,NA,NA,24,NA,NA,NA,NA,NA,NA,NA,0.736978607238543,NA,NA,NA,NA,NA,NA,NA,23,NA,NA,NA,NA,NA,NA,NA,0.813607686199499,NA,NA,NA,NA,NA,NA,NA,NA,NA,NA,NA,NA,NA,NA,NA,NA,NA,NA,NA,NA
"53","Johnson & Dunne (2012), Exp.2","English",NA,NA,NA,25,NA,NA,NA,NA,NA,NA,NA,0.690503345719676,NA,NA,NA,NA,NA,NA,NA,25,NA,NA,NA,NA,NA,NA,NA,0.586876289364039,NA,NA,NA,NA,NA,NA,NA,19.5,NA,NA,NA,NA,NA,NA,NA,0.474926534141424,NA,NA,NA,NA,NA,NA,NA,NA,NA,NA,NA,NA,NA,NA,NA,NA,NA,NA,NA,NA
"54","Yang, Li, Wang, Slattery, & Rayner (2014)","Chinese",NA,NA,NA,NA,8,NA,NA,NA,NA,NA,NA,NA,0.205092391248974,NA,NA,NA,NA,NA,NA,NA,39,NA,NA,NA,NA,NA,NA,NA,0.499605578963793,NA,NA,NA,NA,NA,NA,NA,8.5,NA,NA,NA,NA,NA,NA,NA,0.168947149723385,NA,NA,NA,NA,NA,NA,NA,NA,NA,NA,NA,NA,NA,NA,NA,NA,NA,NA,NA
"55","Gu, Li, & Liversedge (2015)","Chinese",NA,NA,NA,NA,NA,NA,NA,35,NA,NA,NA,NA,NA,NA,NA,0.672845547785346,NA,NA,NA,NA,NA,NA,NA,72.5,NA,NA,NA,NA,NA,NA,NA,0.664442483571749,NA,NA,NA,NA,NA,NA,NA,NA,NA,NA,NA,NA,NA,NA,NA,NA,NA,NA,NA,NA,NA,NA,NA,NA,NA,NA,NA,NA,NA,NA,NA,NA
"56","Schotter, Lee, Reiderman, & Rayner (2015), Exp.2","English",NA,NA,NA,NA,16,9.5,NA,NA,NA,NA,NA,NA,0.448025941453037,0.276425416352206,NA,NA,NA,NA,NA,NA,19,12.5,NA,NA,NA,NA,NA,NA,0.393689914299841,0.259006522565685,NA,NA,NA,NA,NA,NA,21.5,13,NA,NA,NA,NA,NA,NA,0.504402904521347,0.324932862606128,NA,NA,NA,NA,NA,NA,32,31.5,NA,NA,NA,NA,NA,NA,0.509479703478428,0.461543477736835,NA,NA
"57","McDonald (2006)","English",NA,22,NA,NA,NA,NA,NA,NA,NA,0.648040597533874,NA,NA,NA,NA,NA,NA,NA,35,NA,NA,NA,NA,NA,NA,NA,0.868243142124459,NA,NA,NA,NA,NA,NA,NA,NA,NA,NA,NA,NA,NA,NA,NA,NA,NA,NA,NA,NA,NA,NA,NA,34,NA,NA,NA,NA,NA,NA,NA,0.33604122978827,NA,NA,NA,NA,NA,NA
"58","Inhoff, Starr, Liu, & Wang (1998)","English",NA,28,NA,NA,NA,NA,NA,NA,NA,0.719868085241582,NA,NA,NA,NA,NA,NA,NA,42,NA,NA,NA,NA,NA,NA,NA,0.824451531761103,NA,NA,NA,NA,NA,NA,NA,NA,NA,NA,NA,NA,NA,NA,NA,NA,NA,NA,NA,NA,NA,NA,NA,NA,NA,NA,NA,NA,NA,NA,NA,NA,NA,NA,NA,NA,NA,NA
"59","Reingold, Reichle, Glaholt, & Sheridan (2012)","English",NA,NA,NA,NA,NA,NA,NA,31.5,NA,NA,NA,NA,NA,NA,NA,0.751765086994063,NA,NA,NA,NA,NA,NA,NA,56.5,NA,NA,NA,NA,NA,NA,NA,0.744204758185034,NA,NA,NA,NA,NA,NA,NA,44,NA,NA,NA,NA,NA,NA,NA,0.890647885685206,NA,NA,NA,NA,NA,NA,NA,NA,NA,NA,NA,NA,NA,NA,NA,NA
"60","Payne & Stine–Morrow (2012)","English",NA,30,NA,NA,NA,NA,NA,NA,NA,0.680272108843537,NA,NA,NA,NA,NA,NA,NA,41,NA,NA,NA,NA,NA,NA,NA,0.523627075351213,NA,NA,NA,NA,NA,NA,NA,39,NA,NA,NA,NA,NA,NA,NA,0.724907063197026,NA,NA,NA,NA,NA,NA,NA,NA,NA,NA,NA,NA,NA,NA,NA,NA,NA,NA,NA,NA,NA,NA
"61","Masserang & Pollatsek (2012)","English",NA,NA,NA,18,NA,NA,NA,NA,NA,NA,NA,NA,NA,NA,NA,NA,NA,NA,NA,31,NA,NA,NA,NA,NA,NA,NA,NA,NA,NA,NA,NA,NA,NA,NA,NA,NA,NA,NA,NA,NA,NA,NA,NA,NA,NA,NA,NA,NA,NA,NA,-7.5,NA,NA,NA,NA,NA,NA,NA,NA,NA,NA,NA,NA
"62","Masserang & Pollatsek (2012), Exp.2","English",NA,NA,NA,17,NA,NA,NA,NA,NA,NA,NA,NA,NA,NA,NA,NA,NA,NA,NA,34.5,NA,NA,NA,NA,NA,NA,NA,NA,NA,NA,NA,NA,NA,NA,NA,NA,NA,NA,NA,NA,NA,NA,NA,NA,NA,NA,NA,NA,NA,NA,NA,27,NA,NA,NA,NA,NA,NA,NA,NA,NA,NA,NA,NA
"63","Yang (2013)","Chinese",NA,NA,NA,NA,27,NA,NA,NA,NA,NA,NA,NA,0.604873557097086,NA,NA,NA,NA,NA,NA,NA,48,NA,NA,NA,NA,NA,NA,NA,0.666088715394901,NA,NA,NA,NA,NA,NA,NA,NA,NA,NA,NA,NA,NA,NA,NA,NA,NA,NA,NA,NA,NA,NA,NA,NA,NA,NA,NA,NA,NA,NA,NA,NA,NA,NA,NA
"64","Yang (2013), Exp.2","Chinese",NA,NA,NA,NA,30,NA,NA,NA,NA,NA,NA,NA,0.656375005190604,NA,NA,NA,NA,NA,NA,NA,49,NA,NA,NA,NA,NA,NA,NA,0.666250563432537,NA,NA,NA,NA,NA,NA,NA,NA,NA,NA,NA,NA,NA,NA,NA,NA,NA,NA,NA,NA,NA,NA,NA,NA,NA,NA,NA,NA,NA,NA,NA,NA,NA,NA,NA
"65","Choi & Gordon (2014)","English",NA,NA,NA,8,NA,NA,15,NA,NA,NA,NA,0.201741227944276,NA,NA,0.446519548929752,NA,NA,NA,NA,15,NA,NA,21,NA,NA,NA,NA,0.329173822973208,NA,NA,0.402323951940485,NA,NA,NA,NA,5,NA,NA,10,NA,NA,NA,NA,0.133038021047548,NA,NA,0.262341618066702,NA,NA,NA,NA,24,NA,NA,37,NA,NA,NA,NA,0.228405752058895,NA,NA,0.336886075668429,NA
"66","Yan, Luo, & Inhoff (2014)","Chinese",NA,NA,NA,NA,NA,NA,NA,3.5,NA,NA,NA,NA,NA,NA,NA,0.0998371334423977,NA,NA,NA,NA,NA,NA,NA,3.5,NA,NA,NA,NA,NA,NA,NA,0.0780650265730906,NA,NA,NA,NA,NA,NA,NA,5,NA,NA,NA,NA,NA,NA,NA,0.136360819020447,NA,NA,NA,NA,NA,NA,NA,NA,NA,NA,NA,NA,NA,NA,NA,NA
"67","Williams, Perea, Pollatsek, & Rayner (2006)","English",NA,NA,NA,15,NA,NA,NA,NA,NA,NA,NA,0.326253421384044,NA,NA,NA,NA,NA,NA,NA,24.5,NA,NA,NA,NA,NA,NA,NA,0.378170300737617,NA,NA,NA,NA,NA,NA,NA,14,NA,NA,NA,NA,NA,NA,NA,0.255210925159377,NA,NA,NA,NA,NA,NA,NA,44,NA,NA,NA,NA,NA,NA,NA,0.356572109264181,NA,NA,NA,NA
"68","Williams, Perea, Pollatsek, & Rayner (2006), Exp.2","English",NA,NA,NA,27,NA,NA,NA,NA,NA,NA,NA,0.53629771091291,NA,NA,NA,NA,NA,NA,NA,24,NA,NA,NA,NA,NA,NA,NA,0.485268901614048,NA,NA,NA,NA,NA,NA,NA,29,NA,NA,NA,NA,NA,NA,NA,0.539515392656982,NA,NA,NA,NA,NA,NA,NA,35.5,NA,NA,NA,NA,NA,NA,NA,0.587725387803129,NA,NA,NA,NA
"69","Kambe (2004)","English",NA,22.6666666666667,NA,NA,NA,NA,NA,NA,NA,NA,NA,NA,NA,NA,NA,NA,NA,25,NA,NA,NA,NA,NA,NA,NA,NA,NA,NA,NA,NA,NA,NA,NA,NA,NA,NA,NA,NA,NA,NA,NA,NA,NA,NA,NA,NA,NA,NA,NA,NA,NA,NA,NA,NA,NA,NA,NA,NA,NA,NA,NA,NA,NA,NA
"70","Kambe (2004), Exp.2","English",NA,NA,44,NA,NA,NA,NA,NA,NA,NA,NA,NA,NA,NA,NA,NA,NA,NA,52.6666666666667,NA,NA,NA,NA,NA,NA,NA,NA,NA,NA,NA,NA,NA,NA,NA,NA,NA,NA,NA,NA,NA,NA,NA,NA,NA,NA,NA,NA,NA,NA,NA,NA,NA,NA,NA,NA,NA,NA,NA,NA,NA,NA,NA,NA,NA
"71","Deutsch, Frost, Pelleg, Pollatsek, & Rayner (2003)","Hebrew",NA,NA,NA,13,NA,NA,NA,NA,NA,NA,NA,0.486342514373989,NA,NA,NA,NA,NA,NA,NA,22,NA,NA,NA,NA,NA,NA,NA,0.465406560922921,NA,NA,NA,NA,NA,NA,NA,NA,NA,NA,NA,NA,NA,NA,NA,NA,NA,NA,NA,NA,NA,NA,NA,28,NA,NA,NA,NA,NA,NA,NA,0.307673731165126,NA,NA,NA,NA
"72","Deutsch, Frost, Pollatsek, & Rayner (2005)","Hebrew",NA,NA,NA,16,NA,NA,NA,NA,NA,NA,NA,0.841907053527335,NA,NA,NA,NA,NA,NA,NA,21,NA,NA,NA,NA,NA,NA,NA,0.885796072624128,NA,NA,NA,NA,NA,NA,NA,NA,NA,NA,NA,NA,NA,NA,NA,NA,NA,NA,NA,NA,NA,NA,NA,NA,NA,NA,NA,NA,NA,NA,NA,NA,NA,NA,NA,NA
"73","Miller, Juhasz, & Rayner (2006)","English",NA,22,NA,NA,NA,NA,NA,NA,NA,0.51038726089295,NA,NA,NA,NA,NA,NA,NA,28.5,NA,NA,NA,NA,NA,NA,NA,0.376137261775608,NA,NA,NA,NA,NA,NA,NA,43,NA,NA,NA,NA,NA,NA,NA,0.69598561669682,NA,NA,NA,NA,NA,NA,NA,NA,NA,NA,NA,NA,NA,NA,NA,NA,NA,NA,NA,NA,NA,NA
"74","Miller, Juhasz, & Rayner (2006),Exp.2","English",NA,NA,46,NA,NA,NA,NA,NA,NA,NA,0.988333562817054,NA,NA,NA,NA,NA,NA,NA,67,NA,NA,NA,NA,NA,NA,NA,1.32614779439394,NA,NA,NA,NA,NA,NA,NA,59,NA,NA,NA,NA,NA,NA,NA,1.19094748549706,NA,NA,NA,NA,NA,NA,NA,NA,NA,NA,NA,NA,NA,NA,NA,NA,NA,NA,NA,NA,NA
"75","Dare & Shillcock (2013), Exp.2","English",NA,NA,NA,NA,41.8,NA,NA,NA,NA,NA,NA,NA,1.20588602318623,NA,NA,NA,NA,NA,NA,NA,50,NA,NA,NA,NA,NA,NA,NA,1.01894932184305,NA,NA,NA,NA,NA,NA,NA,NA,NA,NA,NA,NA,NA,NA,NA,NA,NA,NA,NA,NA,NA,NA,NA,NA,NA,NA,NA,NA,NA,NA,NA,NA,NA,NA,NA
"76","Wakeford & Murray (n.d)","English",NA,NA,NA,NA,10,NA,NA,NA,NA,NA,NA,NA,NA,NA,NA,NA,NA,NA,NA,NA,1,NA,NA,NA,NA,NA,NA,NA,NA,NA,NA,NA,NA,NA,NA,NA,NA,NA,NA,NA,NA,NA,NA,NA,NA,NA,NA,NA,NA,NA,NA,NA,NA,NA,NA,NA,NA,NA,NA,NA,NA,NA,NA,NA
"77","Wang & Inhoff (2010)","English",NA,NA,NA,NA,NA,NA,NA,33,NA,NA,NA,NA,NA,NA,NA,0.69377659722048,NA,NA,NA,NA,NA,NA,NA,54,NA,NA,NA,NA,NA,NA,NA,0.82832218795516,NA,NA,NA,NA,NA,NA,NA,NA,NA,NA,NA,NA,NA,NA,NA,NA,NA,NA,NA,NA,NA,NA,NA,48,NA,NA,NA,NA,NA,NA,NA,0.729874484418917
"78","Wang & Inhoff (2010), Exp.2","English",NA,NA,NA,NA,NA,NA,NA,32,NA,NA,NA,NA,NA,NA,NA,0.666666666666667,NA,NA,NA,NA,NA,NA,NA,34,NA,NA,NA,NA,NA,NA,NA,0.64624303307925,NA,NA,NA,NA,NA,NA,NA,NA,NA,NA,NA,NA,NA,NA,NA,NA,NA,NA,NA,NA,NA,NA,NA,36,NA,NA,NA,NA,NA,NA,NA,0.617394906513032
"79","Wang & Inhoff (2013)","English",NA,29,NA,NA,NA,NA,NA,NA,NA,1.06227106227106,NA,NA,NA,NA,NA,NA,NA,41,NA,NA,NA,NA,NA,NA,NA,1.31960090119086,NA,NA,NA,NA,NA,NA,NA,NA,NA,NA,NA,NA,NA,NA,NA,NA,NA,NA,NA,NA,NA,NA,NA,41,NA,NA,NA,NA,NA,NA,NA,1.05670103092784,NA,NA,NA,NA,NA,NA
"80","Tiffin-Richards & Schroeder (2015)","German",NA,NA,NA,7,NA,NA,11,NA,NA,NA,NA,0.194551807820673,NA,NA,0.305724269432486,NA,NA,NA,NA,13,NA,NA,15,NA,NA,NA,NA,0.271398747390397,NA,NA,0.313152400835073,NA,NA,NA,NA,14,NA,NA,11,NA,NA,NA,NA,0.343383849416811,NA,NA,0.269801595970351,NA,NA,NA,NA,NA,NA,NA,NA,NA,NA,NA,NA,NA,NA,NA,NA,NA
"81","Shahid (2014), Exp.4","English",NA,NA,NA,NA,NA,NA,NA,43.75,NA,NA,NA,NA,NA,NA,NA,1.16027695374976,NA,NA,NA,NA,NA,NA,NA,62.75,NA,NA,NA,NA,NA,NA,NA,1.20955076884325,NA,NA,NA,NA,NA,NA,NA,53.5,NA,NA,NA,NA,NA,NA,NA,1.18273568720375,NA,NA,NA,NA,NA,NA,NA,76.75,NA,NA,NA,NA,NA,NA,NA,1.16250772398084
"82","Cui, Drieghe, Bai, Yan, & Liversedge (2014)","Chinese",NA,NA,NA,NA,NA,NA,NA,17.5,NA,NA,NA,NA,NA,NA,NA,0.421564377064601,NA,NA,NA,NA,NA,NA,NA,35,NA,NA,NA,NA,NA,NA,NA,0.624975089180723,NA,NA,NA,NA,NA,NA,NA,NA,NA,NA,NA,NA,NA,NA,NA,NA,NA,NA,NA,NA,NA,NA,NA,NA,NA,NA,NA,NA,NA,NA,NA,NA
"83","Winskel (2011)","Thai",NA,NA,NA,9,NA,NA,14,NA,NA,NA,NA,NA,NA,NA,NA,NA,NA,NA,NA,37,NA,NA,54,NA,NA,NA,NA,NA,NA,NA,NA,NA,NA,NA,NA,NA,NA,NA,NA,NA,NA,NA,NA,NA,NA,NA,NA,NA,NA,NA,NA,NA,NA,NA,NA,NA,NA,NA,NA,NA,NA,NA,NA,NA
"84","Wang, Inhoff, & Radach (2009)","English",NA,NA,NA,NA,NA,NA,NA,39,NA,NA,NA,NA,NA,NA,NA,0.782482561237693,NA,NA,NA,NA,NA,NA,NA,50,NA,NA,NA,NA,NA,NA,NA,0.886134653437297,NA,NA,NA,NA,NA,NA,NA,NA,NA,NA,NA,NA,NA,NA,NA,NA,NA,NA,NA,NA,NA,NA,NA,50,NA,NA,NA,NA,NA,NA,NA,0.79315884400903
"85","Plummer & Rayner (2012)","English",NA,NA,NA,19.25,NA,NA,NA,NA,NA,NA,NA,0.636872345626256,NA,NA,NA,NA,NA,NA,NA,21.75,NA,NA,NA,NA,NA,NA,NA,0.538025061547955,NA,NA,NA,NA,NA,NA,NA,20.5,NA,NA,NA,NA,NA,NA,NA,0.580313777049728,NA,NA,NA,NA,NA,NA,NA,37,NA,NA,NA,NA,NA,NA,NA,0.467718550689754,NA,NA,NA,NA
"86","Drieghe, Rayner, & Pollatsek (2005)","English",NA,NA,NA,NA,NA,NA,NA,NA,NA,NA,NA,NA,NA,NA,NA,NA,NA,NA,NA,NA,NA,NA,NA,NA,NA,NA,NA,NA,NA,NA,NA,NA,NA,43,NA,17,43,NA,NA,NA,NA,NA,NA,NA,NA,NA,NA,NA,NA,NA,NA,NA,NA,NA,NA,NA,NA,NA,NA,NA,NA,NA,NA,NA
"87","Liu, Inhoff, Ye, & Wu (2002), Exp.2","Chinese",NA,NA,NA,NA,NA,NA,NA,NA,NA,NA,NA,NA,NA,NA,NA,NA,NA,NA,NA,NA,NA,NA,18,50,NA,NA,NA,NA,NA,NA,0.276304780607956,0.739033491458439,NA,NA,NA,NA,NA,NA,NA,NA,NA,NA,NA,NA,NA,NA,NA,NA,NA,NA,NA,NA,NA,NA,NA,NA,NA,NA,NA,NA,NA,NA,NA,NA
"88","Winskel & Perea (2013)","Thai",NA,NA,NA,14,NA,NA,NA,NA,NA,NA,NA,NA,NA,NA,NA,NA,NA,NA,NA,38.5,NA,NA,NA,NA,NA,NA,NA,NA,NA,NA,NA,NA,NA,NA,NA,15,NA,NA,NA,NA,NA,NA,NA,NA,NA,NA,NA,NA,NA,NA,NA,NA,NA,NA,NA,NA,NA,NA,NA,NA,NA,NA,NA,NA
